hotel_name, class_of_rating, rating_score
Amazing Apartment- Walking Distance to Times SQ,very good,8.3
Times Square Lux Highrise,good,7.8
Beautiful apartment next to Central Park,good,7.6
Spacious Apartment in Prime Location,good,7.7
Midtown East Spacious Apartment,good,7.1
Heart of Midtown,N/A,N/A
Nice Apartment in the Heart of Upper East Side,very good,8.5
John Street Apartment,N/A,N/A
East Village Apartments,wonderful,9.4
Sanctuary NYC Retreats,excellent,8.7
The Allen Hotel,excellent,8.7
Midtown West 2 Bedroom Apartment,excellent,8.6
Tribeca Lofts,good,7.7
Fairfield Inn & Suites by Marriott New York Downtown Manhattan/World Trade Center Area,excellent,8.9
Sunny & Luxurious West Village Residence - 3 Bedrooms!,N/A,N/A
New York Marriott Marquis,very good,8.2
AKA Central Park,excellent,8.6
Apartments Upper West Side,N/A,N/A
Holiday Inn Express - Times Square South,very good,8.3
Residence Inn by Marriott New York Manhattan/Central Park,very good,8.3
Beautiful apartment next to Central Park,good,7.6
Crowne Plaza Times Square,very good,8.2
The Allen Hotel,excellent,8.7
The Dominick Hotel,very good,8.5
Midtown East Spacious Apartment,good,7.1
Sofitel New York,excellent,8.6
AKA Wall Street,wonderful,9.2
Heart of Midtown,N/A,N/A
The Manhattan at Times Square,good,7.0
Midtown West 2 Bedroom Apartment,excellent,8.6
Hotel Central Fifth Avenue,good,7.7
Dream Midtown,very good,8.2
Oakwood at the Nash,excellent,8.7
The William,wonderful,9.0
Hotel Lucerne,very good,8.5
Westin New York at Times Square,very good,8.0
Hotel Wales,very good,8.1
Sanctuary NYC Retreats,excellent,8.7
Four Points by Sheraton Manhattan Chelsea,very good,8.2
Best Western Premier Herald Square,very good,8.5
Royalton New York,very good,8.1
Nice Apartment in the Heart of Upper East Side,very good,8.5
East Village Apartments,wonderful,9.4
John Street Apartment,N/A,N/A
Amsterdam Court Hotel,good,7.3
Midtown East Deluxe 2 Bedroom Apartment,good,7.5
Cachet Boutique Hotel NYC,very good,8.0
Hilton Garden Inn New York Times Square South,excellent,8.7
Aloft Manhattan Downtown - Financial District,very good,8.2
Moderne Hotel,very good,8.5
AKA Sutton Place,wonderful,9.3
Hotel on Rivington,very good,8.4
Mondrian Park Avenue,excellent,8.9
Avalon Hotel,very good,8.4
Sunny & Luxurious West Village Residence - 3 Bedrooms!,N/A,N/A
Hampton Inn Manhattan - Times Square South,very good,8.3
Bentley Hotel,good,7.7
6th Ave Apartment,good,7.5
Chalsea Studio,wonderful,9.3
Holiday Inn Manhattan Financial District,very good,8.2
Club Quarters Hotel World Trade Center,excellent,8.6
Hilton New York Grand Central,good,7.5
Hotel on Rivington,very good,8.4
Mondrian Park Avenue,excellent,8.9
Gramercy Park Hotel,very good,8.4
Sunny & Luxurious West Village Residence - 3 Bedrooms!,N/A,N/A
Hampton Inn Manhattan - Times Square South,very good,8.3
Bentley Hotel,good,7.7
6th Ave Apartment,good,7.5
Chalsea Studio,wonderful,9.3
Hampton Inn Times Square Central,excellent,8.8
Hampton Inn Manhattan-SoHo| NY,good,7.9
Courtyard New York Manhattan/Midtown East,very good,8.3
Global Luxury Suites at 90 Washington,N/A,N/A
DoubleTree by Hilton New York Times Square South,good,7.4
Today House - Times Square North,wonderful,9.4
Hamilton Heights Lovely Apartments,good,7.6
Q&A Residential Hotel,wonderful,9.1
The Ritz-Carlton New York| Battery Park Hotel,excellent,8.6
Hilton Garden Inn New York/Tribeca,very good,8.2
Manhattan NYC,N/A,N/A
Four-Bedroom Chelsea Apartment,N/A,N/A
Global Luxury Suites at Ritz Plaza,N/A,N/A
Your Home in Harlem,excellent,8.8
Global Luxury Suites at The Pearl,N/A,N/A
Home NYC,exceptional,9.6
Central Park N Residence,wonderful,9.4
Eli place Room C,N/A,N/A
Radisson Martinique on Broadway,very good,8.2
Oakwood at 830 8th Ave,N/A,N/A
Soho Penthouse,N/A,N/A
Quaint one bedroom close to the UN,N/A,N/A
Times Square HighLine Two Bedroom,N/A,N/A
MADE Hotel,wonderful,9.1
Home Away From Home,good,7.9
LUMA Hotel - Times Square,wonderful,9.2
Amazing Apartment- Walking Distance to Times SQ,very good,8.3
2 Bedroom Apartment in Hell's Kitchen,N/A,N/A
8th Avenue Apartment Apt C,N/A,N/A
Splendid Apartment by Times SQ,very good,8.2
The Gatsby Hotel,N/A,N/A
Cassa NYC 70W45,N/A,N/A
Hotel Edison Times Square,good,7.5
Park Lane Hotel - A Central Park Hotel,good,7.7
Gansevoort Meatpacking,very good,8.3
Trump International New York,excellent,8.8
Spectacular Duplex 4 Bedroom 3 Bath Lincoln Center,N/A,N/A
Warwick New York,very good,8.5
citizenM New York Times Square,wonderful,9.2
Residence Inn by Marriott New York Manhattan/Times Square,very good,8.2
The Standard| High Line New York,very good,8.3
The Watson Hotel,good,7.8
Hyatt Centric Times Square New York,excellent,8.8
West 86th Apartment,N/A,N/A
Element Times Square West,very good,8.0
Ultra design and luxurious Apartment - Doorman and Gym,N/A,N/A
La Quinta Inn & Suites Manhattan,very good,8.0
Very Central West Village Apartment,N/A,N/A
Carnegie Hotel,excellent,8.9
Executive Hotel Le Soleil New York,excellent,8.6
Spectacular Duplex 4 Bedroom 3 Bath Lincoln Center,N/A,N/A
Warwick New York,very good,8.5
citizenM New York Times Square,wonderful,9.2
The Standard| High Line New York,very good,8.3
The Watson Hotel,good,7.8
West 86th Apartment,N/A,N/A
Element Times Square West,very good,8.0
Ultra design and luxurious Apartment - Doorman and Gym,N/A,N/A
La Quinta Inn & Suites Manhattan,very good,8.0
Very Central West Village Apartment,N/A,N/A
Carnegie Hotel,excellent,8.9
Executive Hotel Le Soleil New York,excellent,8.6
Blakely New York Hotel,excellent,8.6
Courtyard by Marriott New York Manhattan/Central Park,very good,8.0
2 Bedrooms Suite in Financial Disctrict,very good,8.3
Cambria hotel & suites New York - Times Square,excellent,8.8
Wellington Hotel,good,7.6
The Beekman| a Thompson Hotel,wonderful,9.3
NOVO360,N/A,N/A
Soho Grand Hotel,very good,8.5
Wyndham New Yorker Hotel,good,7.8
Pod 39,very good,8.2
Arlo SoHo,excellent,8.7
RIU Plaza New York Times Square,excellent,8.7
Chelsea Duplex Apartment,N/A,N/A
The Ludlow Hotel,wonderful,9.0
Sweet Home,N/A,N/A
The Modern @ Rockefeller,N/A,N/A
Staybridge Suites - Times Square - New York City,very good,8.2
Arlo NoMad,excellent,8.9
Chelsea Duplex Apartment,N/A,N/A
The Ludlow Hotel,wonderful,9.0
Sweet Home,N/A,N/A
The Modern @ Rockefeller,N/A,N/A
The Evelyn,very good,8.2
NYC Charmer| Central Park/Lincoln Center,N/A,N/A
Broadway at Times Square Hotel,very good,8.4
Designer luxurious 2 Bedroom Apartment with Gym| Doorman| Midtown EAST,N/A,N/A
New York Marriott Marquis,very good,8.2
1 Hotel Central Park,wonderful,9.0
Hotel Beacon,excellent,8.8
Oakwood Aurora Midtown East,N/A,N/A
The Santana,N/A,N/A
FiDi 3bed/2baths,N/A,N/A
The Quin,excellent,8.8
West Village 3 bedrooms with 4 baths,N/A,N/A
NoMo SoHo,very good,8.3
Millennium Hilton New York One UN Plaza,very good,8.4
Hilton Garden Inn Central Park South,very good,8.3
Hotel Stanford NYC,good,7.9
NOVO417,N/A,N/A
Heart of Hell's Kitchen 4 bedroom apartment,N/A,N/A
NOVO205,N/A,N/A
Millennium Broadway Times Square,good,7.8
Fairfield Inn & Suites By Marriott New York Manhattan/Times Square,very good,8.3
Shoreham Hotel,good,7.5
Greenwich Street V,N/A,N/A
Manhattan Brownstone,N/A,N/A
The Redbury New York,very good,8.1
The Alicia,N/A,N/A
Two Bedroom Apartment In Midtown West,N/A,N/A
The Hotel @ New York City,good,7.5
Studio,N/A,N/A
TRYP by Wyndham Times Square South,very good,8.4
LIFE Hotel| NoMad,very good,8.1
The Time New York,very good,8.3
Holiday Inn Express - Times Square South,very good,8.3
The NoMad Hotel,wonderful,9.0
Sixty LES,very good,8.3
Lotte New York Palace,excellent,8.8
Longacre House,N/A,N/A
Residence Inn by Marriott New York Manhattan/Central Park,very good,8.3
Empire Hotel,good,7.5
New York Hilton Midtown,good,7.9
Washington Square Hotel,excellent,8.6
Sixty LES,very good,8.3
Longacre House,N/A,N/A
Empire Hotel,good,7.5
New York Hilton Midtown,good,7.9
Washington Square Hotel,excellent,8.6
Pod Times Square,excellent,8.9
Crowne Plaza Times Square,very good,8.2
Luxury Studio Apartment - Midtown West B,very good,8.3
Ameritania at Times Square,very good,8.3
InterContinental New York Barclay Hotel,excellent,8.9
Hotel Hayden New York,very good,8.0
Dream Downtown,good,7.9
Heritage Hotel New York City,good,7.2
MOXY NYC Times Square,very good,8.5
TIMES SQ LUXURY 3BR DPLX,N/A,N/A
1st Ave. Apt 4,N/A,N/A
Elizabeth Sreet Apt 3,N/A,N/A
The Marlton Hotel,excellent,8.8
Sofitel New York,excellent,8.6
YOTEL New York Times Square,very good,8.3
World Center Hotel,excellent,8.6
Sohotel,very good,8.2
EVEN Hotel New York - Midtown East 44th,excellent,8.7
City Club Hotel,very good,8.4
Bridgestreet at Beekman Towers,very good,8.1
Mott Street Apt 1A,N/A,N/A
East 28th Street Apt 13,N/A,N/A
East 28th Street Apt 22,N/A,N/A
East 28th Street Apt 17,N/A,N/A
East 28th Street Apt 23,N/A,N/A
East 28th Street Apt 23,N/A,N/A
West 46th Street Apt 4C,N/A,N/A
Thompson Street Apt 4D,N/A,N/A
West 89th Street Apt 2F,N/A,N/A
West 45th Street Apt 3R,N/A,N/A
West 49th Street Apt 3A,N/A,N/A
West 49th Street Apt 5A,N/A,N/A
West 47TH Street Apt 3B,N/A,N/A
East 51st Street Apt 2F,N/A,N/A
East 37th Street Apt 3R,N/A,N/A
East 37th Street Apt 3F,N/A,N/A
East 7th Street Apt 1A,N/A,N/A
East 15th Street Apt 4F,N/A,N/A
East 15th Street Apt 3R,N/A,N/A
West 18th Street Apt 2R,N/A,N/A
West 18th Street Apt 2R,N/A,N/A
Sullivan Street Apt 5R,N/A,N/A
Sullivan Street Apt 3R,N/A,N/A
West 15th Street Apt 3RR,N/A,N/A
West 15th Street Apt 3F,N/A,N/A
West 15th Street Apt 2F,N/A,N/A
Delancey Street Apt 14,N/A,N/A
Grant Street Apt 2F,N/A,N/A
Spring Street Apt 1F,N/A,N/A
Mulberry & Grand Street Apt 1,N/A,N/A
Elizabeth & Spring St. Apt. 1,N/A,N/A
Elizabeth Street & Kenmare Street Apt 1,N/A,N/A
Lafayette Street Apt 7,N/A,N/A
2nd Avenue Apt 4,N/A,N/A
The New York EDITION,wonderful,9.0
Lafayette Street Apt 7,N/A,N/A
2nd Avenue Apt 4,N/A,N/A
The New York EDITION,wonderful,9.0
Ace Hotel New York,very good,8.4
Brand New| Luxury Alcove Studio | full service building,N/A,N/A
Cassa Hotel 45th Street New York,excellent,8.7
La Quinta Inn & Suites New York City Central Park,good,7.6
Little Italy Grand,very good,8.3
Sheraton New York Times Square Hotel,good,7.6
Hotel Boutique at Grand Central,excellent,8.6
Lexington Ave Apartment 3,N/A,N/A
East 61st Street Apt 3,N/A,N/A
West 45th Street Apt 209,N/A,N/A
East 82nd Street Apt 4D,N/A,N/A
East 83rd Street Apt 2C,N/A,N/A
East 7th Street Apt 1B,N/A,N/A
Sullivan Street Apt 4F,N/A,N/A
East 15th Street Apt 3F,N/A,N/A
West 18th Street Apt 3F,N/A,N/A
Sullivan Street & West 3rd Apt 3F,N/A,N/A
Sullivan Street Apt 1R,N/A,N/A
East 37th Street & Lexington Ave. Apt 3F,N/A,N/A
Mulberry Street Apt 7 - Mulberry,N/A,N/A
Mulberry Street Apt 2,N/A,N/A
Delancey St. Apt 16,N/A,N/A
Lexington Ave Apt 3D,N/A,N/A
Mulberry Street Apt 16,N/A,N/A
Lexington Ave. Apt 6D,N/A,N/A
Grant Street Apt 2G,N/A,N/A
Elizabeth Street & Kenmare St. Apt 3,N/A,N/A
West 18th Street Apt 3F,N/A,N/A
Sullivan Street & West 3rd Apt 3F,N/A,N/A
Sullivan Street Apt 1R,N/A,N/A
East 37th Street & Lexington Ave. Apt 3F,N/A,N/A
Mulberry Street Apt 7 - Mulberry,N/A,N/A
Mulberry Street Apt 2,N/A,N/A
Delancey St. Apt 16,N/A,N/A
Lexington Ave Apt 3D,N/A,N/A
Mulberry Street Apt 16,N/A,N/A
Lexington Ave. Apt 6D,N/A,N/A
Grant Street Apt 2G,N/A,N/A
Elizabeth Street & Kenmare St. Apt 3,N/A,N/A
Elizabeth Street & East Houston Street Apt 12,N/A,N/A
Lafayette Street Apt 2,N/A,N/A
Elizabeth & Spring St. Apt. 3,N/A,N/A
Elizabeth & Spring St. Apt. 2,N/A,N/A
Elizabeth Street & Kenmare Street Apt 3,N/A,N/A
1st Ave Apt 2,N/A,N/A
Lafayette Street Apt 1,N/A,N/A
1st Ave Apt 11,N/A,N/A
Delancey Street Apt 201,N/A,N/A
Bowery & Broome Street Apt 4F,N/A,N/A
Luxury Apartments Upper East Side,N/A,N/A
Furnished room,N/A,N/A
The Knickerbocker,excellent,8.8
Club Quarters Hotel| Opposite Rockefeller Center,very good,8.1
The Pearl Hotel,excellent,8.9
Midtown West,N/A,N/A
West 51st Street Apt 1A,N/A,N/A
Thompson Street Apt 3C,N/A,N/A
East 37th Street & Lexington Ave. Apt 4F,N/A,N/A
East 37th Street & Lexington Ave. Apt 3R,N/A,N/A
East 37th Street & Lexington Ave. Apt 2R,N/A,N/A
East 37th Street & Lexington Ave. Apt 1R,N/A,N/A
West 12th Street Apt 3B,N/A,N/A
Delancey St. Apt 4,N/A,N/A
West 12th Steet Apt 4B,N/A,N/A
Elizabeth Street Apt 18,N/A,N/A
Elizabeth Street Apt 1,N/A,N/A
Mulberry Street Apt 14,N/A,N/A
Mulberry Street Apt 9,N/A,N/A
Delancey Street Apt 18,N/A,N/A
Elizabeth Street Apt 9,N/A,N/A
Lafayette Street Apt 6,N/A,N/A
Kenmare Street Apt. 9,N/A,N/A
Elizabeth Street & Kenmare Street Apt 2,N/A,N/A
East 28th Street Apt 5,N/A,N/A
Midtown Lodging,very good,8.3
Downtown Grand Apartment,N/A,N/A
Residence Inn by Marriott New York Downtown Manhattan/World Trade Center Area,excellent,8.8
The Manhattan at Times Square,good,7.0
The Roger,very good,8.4
First Ave & 92nd Street Apt 3,N/A,N/A
West 47th Street Apt 2B,N/A,N/A
West 49th Street Apt 4A,N/A,N/A
East 52nd Street Apt 4F,N/A,N/A
East 7th Street Apt 1R,N/A,N/A
West 15th Street 4A,N/A,N/A
East 37th Street Apt 1R,N/A,N/A
East 7th Street Apt 1M,N/A,N/A
East 37th Street Apt 1R,N/A,N/A
East 7th Street Apt 1M,N/A,N/A
Sullivan Street Apt 2F,N/A,N/A
Lexington Ave Apt 4C,N/A,N/A
West 106th St. Apt 4B,N/A,N/A
Spring Street Apt 6,N/A,N/A
Mulberry Street Apt 11,N/A,N/A
Mulberry Street Apt 1,N/A,N/A
Prince Street Apt 12,N/A,N/A
Ludlow St. Apt 3A,N/A,N/A
1st Ave Apt 7,N/A,N/A
Broom St. Apt 5W,N/A,N/A
Bowery Apt 2F,N/A,N/A
Lovely Apartment in Midtown West,N/A,N/A
Luxury Suites in Murray Hill,N/A,N/A
Lovely Apartment in Midtown West,N/A,N/A
Luxury Suites in Murray Hill,N/A,N/A
Candlewood Suites NYC -Times Square,very good,8.1
Hotel Hugo,very good,8.1
W New York - Times Square,good,7.9
Four-Bedroom on E 62nd Street Apt 2,N/A,N/A
Lexington Ave Apartment 4A,N/A,N/A
East 51st Street Apt 4G,N/A,N/A
East 28th Street Apt 11,N/A,N/A
West 47th Street Apt 1C,N/A,N/A
Sullivan Street Apt 1C,N/A,N/A
West 18th Street Apt 1F,N/A,N/A
Sullivan Street Apt 1F,N/A,N/A
East 7th Street Apt 2F,N/A,N/A
East 37th Street Apt 5R,N/A,N/A
Sullivan Street Apt 1F,N/A,N/A
East 7th Street Apt 2F,N/A,N/A
East 37th Street Apt 5R,N/A,N/A
East 37th Street Apt 5F,N/A,N/A
Elizabeth Street Apt 8,N/A,N/A
Mulberry Street Apt 15,N/A,N/A
Delancey St. Apt 20,N/A,N/A
Lexington Ave Apt 6F,N/A,N/A
Lexington Ave Apt 4E,N/A,N/A
Elizabeth Street Apt 3,N/A,N/A
Prince Street Apt 2,N/A,N/A
Prince Street Apt 11,N/A,N/A
1st Ave Apt 9,N/A,N/A
Spring St. Apt 2F,N/A,N/A
Chrystie Street Apt 5,N/A,N/A
West 12th Street Apt 3C,N/A,N/A
West 12th Street Apt 3A,N/A,N/A
Lexington Ave Apt 2F,N/A,N/A
Lexington Ave Apt 2E,N/A,N/A
Spring Street Apt 5,N/A,N/A
Hyatt Herald Square New York,very good,8.3
Charming 2 Bedroom in the heart of Midtown East,N/A,N/A
citizenM New York Bowery,N/A,N/A
The Gallivant Times Square,good,7.3
Park Central,good,7.8
SIXTY SoHo,excellent,8.6
Four Points by Sheraton Manhattan Midtown West,very good,8.5
Four Points by Sheraton Midtown - Times Square,very good,8.3
West 47th Street Apt 1A,N/A,N/A
West 108th St. Apt 2W,N/A,N/A
Cozy Manhattan Apartment,N/A,N/A
Thompson Street Apt 3A,N/A,N/A
East 7th Street Apt 1C,N/A,N/A
East 51st Street Apt 3F,N/A,N/A
Sullivan Street & West 3rd Apt 4F,N/A,N/A
Hotel Belleclaire,good,7.9
Gorgeous 2 Beds Apt in Times Square,N/A,N/A
East 61st Street Apt 2,N/A,N/A
East 82nd Street Apt 5B,N/A,N/A
West 15th Street 1F,N/A,N/A
Mulberry Street Apt 12,N/A,N/A
Broome St. Apt 3W,N/A,N/A
Hotel Indigo Lower East Side,excellent,8.7
Apartment #3E,N/A,N/A
Dream Midtown,very good,8.2
East 51st Street Apt 4H,N/A,N/A
East 85th Street Apt 1D,N/A,N/A
Gracious Apartment in Midtown West,N/A,N/A
302-19,N/A,N/A
East 52nd Street Apt 1B,N/A,N/A
Chic and Beautiful Home center of the World NYC,N/A,N/A
U Hotel Fifth Avenue,good,7.9
Night Hotel Times Square,good,7.6
Huge 2 Bed 2 Bath Apartment in Building with Elevator,N/A,N/A
Fifty NYC-an Affinia hotel,very good,8.3
Club Quarters Hotel| Grand Central,excellent,8.7
West 15th Street 4D,N/A,N/A
Cassa Hotel Times Square,very good,8.1
The Peninsula New York,excellent,8.6
Harlem Grand,N/A,N/A
The Peninsula New York,excellent,8.6
Harlem Grand,N/A,N/A
The Roxy Hotel Tribeca,excellent,8.9
East 37th Street & Lexington Ave. Apt 4R,N/A,N/A
Midtown Convention Center Hotel NYC,pleasant,6.7
West Side YMCA,good,7.1
The Marcel at Gramercy,very good,8.1
Global Luxury Suites in Murray Hill,N/A,N/A
Luxury Two Bedroom Apartment - Midtown West G,N/A,N/A
Courtyard New York Manhattan/Times Square,very good,8.4
The Bowery Hotel,wonderful,9.1
Best Western Plus Hospitality House Suites,very good,8.4
Room Mate Grace Boutique Hotel,excellent,8.7
The Pierre| A Taj Hotel| New York,excellent,8.9
Two Bedroom Apartment - West 58th Street,very good,8.3
Refinery Hotel - New York,wonderful,9.0
Hyatt Union Square New York,excellent,8.7
Bryant Park Hotel,wonderful,9.2
The Standard - East Village,excellent,8.8
Andaz 5th Avenue-a concept by Hyatt,excellent,8.7
DoubleTree by Hilton Metropolitan New York City,good,7.8
West 15th Street 4C,N/A,N/A
Hilton Garden Inn NYC Financial Center/Manhattan Downtown,excellent,8.8
The London NYC,very good,8.3
Midtown 4 Bedroom Residence 2,N/A,N/A
Time Square,N/A,N/A
3/2 Central Park #4,N/A,N/A
Wingate by Wyndham Manhattan Midtown,good,7.6
The French Quarters,wonderful,9.2
NOVO417-2B,N/A,N/A
Modern 2 Bedroom Apartment NYC,N/A,N/A
11 Howard,very good,8.5
UWS furnished One bedroom,N/A,N/A
Modern Three Bedroom Apartment - Upper East Side,good,7.9
Pod 51,very good,8.0
The Jewel Facing Rockefeller Center,excellent,8.7
The Manhattan Club,very good,8.4
The Frederick Hotel,very good,8.3
The Surrey,excellent,8.7
SoHo Garden Hotel,good,7.7
Stewart Hotel,good,7.8
East Village Convenient Apartment,N/A,N/A
RIFF Downtown,good,7.7
Cambria Hotel & Suites New York - Chelsea,excellent,8.8
Hotel Wolcott,good,7.8
The Manhattan Club,very good,8.4
The Frederick Hotel,very good,8.3
The Surrey,excellent,8.7
SoHo Garden Hotel,good,7.7
East Village Convenient Apartment,N/A,N/A
RIFF Downtown,good,7.7
Cambria Hotel & Suites New York - Chelsea,excellent,8.8
Hotel Wolcott,good,7.8
HI NYC Hostel,very good,8.5
st nicholas terrace,N/A,N/A
Studios Midtown Manhattan,very good,8.4
Loews Regency New York Hotel,excellent,8.8
Excelsior Hotel,very good,8.3
Mulberry Street Apt 13,N/A,N/A
Exquisite 2 Bedroom 2 Baths all modern and High end Furniture,N/A,N/A
Newly Renovated Three Bedroom Lower East Side,very good,8.2
Stylish 2 Bed in Soho,N/A,N/A
IBEROSTAR 70 Park Avenue Hotel,very good,8.3
The Mercer,excellent,8.9
One Bedroom Apartment - Two Columbus Place,good,7.3
Mandarin Oriental New York,excellent,8.6
Fairfield Inn by Marriott New York Manhattan/Financial District,very good,8.3
Conrad New York,wonderful,9.1
Distrikt Hotel New York City,excellent,8.6
Courtyard by Marriott Times Square West,excellent,8.6
Hotel 32 32,very good,8.0
Club Quarters Hotel Midtown - Times Square,very good,8.0
St Marks Hotel,good,7.0
Fairfield Inn & Suites by Marriott New York Manhattan/Fifth Avenue,very good,8.3
Royalton New York,very good,8.1
Sheraton Tribeca New York Hotel,good,7.8
Two Bedroom Apartment with City View - Lincoln Center,good,7.8
TEN15NYC,very good,8.3
Greenwich Village 2 bed 1 bath,N/A,N/A
Global Luxury Suites at The Liane,N/A,N/A
Times Square Studio 46,very good,8.5
San Carlos Hotel New York,excellent,8.9
Homewood Suites Midtown Manhattan Times Square South,excellent,8.9
Murray Hill East Suites,very good,8.4
Days Hotel Broadway at 94th Street,pleasant,6.9
Beautiful Downtown Apartments NYC,N/A,N/A
Studio Plus - Midtown Spacious Apartment,good,7.6
Vanderbilt YMCA,good,7.2
Chelsea Pines Inn,very good,8.5
Park West Hotel,good,7.1
339 East Apartment #232482 Apts,N/A,N/A
DoubleTree by Hilton NYC - Financial District,good,7.8
The Premier Times Square by Millennium,very good,8.3
Holiday Inn Express - Times Square,good,7.7
INNSIDE by Melià New York Nomad,excellent,8.7
Hotel Alexander,very good,8.0
Leo House,very good,8.2
NYC Apartment,N/A,N/A
Luxurious Two Bedroom Apartment in Doorman Building - Lincoln Center,excellent,8.6
Spacious 1 bedroom with roofdeck in an elevator building,N/A,N/A
The Kitano Hotel New York,excellent,8.7
NYC Penthouse,N/A,N/A
329 East Apartment #232480 Apts,N/A,N/A
Hotel Mela Times Square,good,7.9
Fairfield Inn & Suites by Marriott New York Manhattan/Central Park,excellent,8.6
Hotel Mela Times Square,good,7.9
Fairfield Inn & Suites by Marriott New York Manhattan/Central Park,excellent,8.6
Broadway Plaza Hotel,very good,8.4
East 81 Studio #232478 Apts,N/A,N/A
Global Luxury Suites at Sky,N/A,N/A
Massive 3 Bedroom Loft in SoHo,N/A,N/A
329 East Apartment #232459 Apts,N/A,N/A
Central Two Bedroom Apartment In Times Square,pleasant,6.1
Macy Empire Apartments,good,7.2
329 East Apartment #232399 Apts,N/A,N/A
339 East Apartment #232483 Apts,N/A,N/A
337 East Apartment #232455 Apts,N/A,N/A
Moderne Hotel,very good,8.5
The Maritime Hotel,excellent,8.9
337 East Apartment #232479 Apts,N/A,N/A
Moderne Hotel,very good,8.5
The Maritime Hotel,excellent,8.9
337 East Apartment #232479 Apts,N/A,N/A
Perfect 3 BR| Midtown East| Doorman Apt,good,7.5
Chelsea Terrace II,N/A,N/A
Richards Place,N/A,N/A
East 94th Apartment #232466 Apts,N/A,N/A
Riverside Tower Hotel,good,7.2
Mildred At the Park,N/A,N/A
335 East Apartment #232444 Apts,N/A,N/A
SpringHill Suites by Marriott New York Midtown Manhattan/Fifth Avenue,very good,8.5
Hamilton Row,N/A,N/A
335 East Apartment #232477 Apts,N/A,N/A
The Iroquois New York,excellent,8.9
Manhattan Studio Apartment-Times Square,exceptional,9.6
onefinestay - East Village private homes,N/A,N/A
Luxury 2 Bedrooms Upper West Side Manhattan,N/A,N/A
Studio-Plus Apartment,good,7.0
The Mark New York,wonderful,9.0
Orchard Street Hotel,very good,8.3
East 81 Apartment #232473 Apts,N/A,N/A
Garden House with 2 Bedroom,excellent,8.6
Four Seasons Hotel New York,excellent,8.7
Carvi Hotel New York,very good,8.4
Hotel Elysee by Library Hotel Collection,wonderful,9.2
3/2 Columbus Circle #3,N/A,N/A
Four Points by Sheraton Manhattan SoHo Village,very good,8.1
Four Seasons Hotel New York Downtown,wonderful,9.4
Dylan Hotel NYC,good,7.9
Hotel Marrakech,pleasant,6.8
CITY ROOMS NYC - Times Square,excellent,8.7
Michelangelo Hotel,excellent,8.8
Luxury 2 Bedrooms Apartment Sutton Place,N/A,N/A
Club Quarters Hotel World Trade Center,excellent,8.6
Nyma| The New York Manhattan Hotel,good,7.6
The Skyline Hotel New York,good,7.9
Hôtel Plaza Athénée,excellent,8.7
West 80th Apartment,N/A,N/A
Hilton New York Grand Central,good,7.5
337 East Apartment #232467 Apts,N/A,N/A
Hoffman Place,N/A,N/A
Hotel 31,very good,8.0
Shelburne NYC-an Affinia hotel,very good,8.3
339 East Studio #232484 Apts,N/A,N/A
East 81 Street Studio #232465 Home,N/A,N/A
Hoffman Place,N/A,N/A
Hotel 31,very good,8.0
Shelburne NYC-an Affinia hotel,very good,8.3
339 East Studio #232484 Apts,N/A,N/A
East 81 Street Studio #232465 Home,N/A,N/A
Apartment in Hell's Kitchen,good,7.4
Global Luxury Suites at Renwick,N/A,N/A
Sunny 3BR Apt in Chelsea,N/A,N/A
Paramount Times Square,pleasant,6.8
Fairfield Inn & Suites by Marriott New York Manhattan/Chelsea,very good,8.2
Greenwich Street III,N/A,N/A
329 East Apartment #232463 Apts,N/A,N/A
Studio Plus - Cozy Apartments,pleasant,6.9
Chelsea Studio,N/A,N/A
Gardens NYC-an Affinia hotel,very good,8.4
Two-Bedroom on Upper East Side,N/A,N/A
Full Studio in Central New York,excellent,8.6
The Whitby Hotel,exceptional,9.5
Prime Location Times Square 2 Bedrooms,N/A,N/A
Gramercy Park Hotel,very good,8.4
NYC PrivateRoom Subway1bk,N/A,N/A
The Gotham Hotel,very good,8.1
The Westin New York Grand Central,very good,8.1
Sensational 3 Bedroom Apartment with direct park views,N/A,N/A
Avalon Hotel,very good,8.4
Hilton Garden Inn New York/Midtown Park Avenue,excellent,8.6
Millennium Hilton New York Downtown,very good,8.2
The Riverside - One Bedroom Apartment,N/A,N/A
Cozy Studio located in Midtown East,N/A,N/A
Apartment Soho Elizabeth 2,N/A,N/A
Hotel Metro,excellent,8.6
Two-Bedroom Apartment on 82nd Street,N/A,N/A
Pasadena Vacation Rental,N/A,N/A
NobleDEN Hotel,wonderful,9.1
Cosy 1 Bed Apartment Midtown West near Hell's Kitchen & Macy's,N/A,N/A
Andaz Wall Street-a concept by Hyatt,excellent,8.7
Comfort Inn Times Square South Area,good,7.4
Cassa 45 by BridgeStreet,N/A,N/A
Chelsea Savoy,good,7.3
The James New York - SoHo,very good,8.3
Beauty Near Times Square,very good,8.0
Gorgeous 4 Bedroom Loft In Midtown,N/A,N/A
Tribeca Top Deluxe Apartment,N/A,N/A
Midtown Suite New York,pleasant,6.0
Courtyard by Marriott New York Downtown Manhattan/World Trade Center Area,excellent,8.6
Courtyard by Marriott New York Downtown Manhattan/World Trade Center Area,excellent,8.6
12th Street Apartment,N/A,N/A
2 Bed Penthouse in Heart of NYC,N/A,N/A
337 East Apartment #232415 Apts,N/A,N/A
Large Bright 2bed/2bath in Prime Upper East Side,N/A,N/A
Seafarers International House,good,7.4
Studio Plus - Couple's Studio,good,7.0
Tiffiny Two Bedrooms,excellent,8.8
The Marmara Park Avenue,excellent,8.9
The Ridge Hotel,very good,8.0
HighLine Studio,excellent,8.7
Three Bedroom Apartment on 9th Avenue,excellent,8.8
Global Luxury Suites at The Eugene,N/A,N/A
Hampton Inn Manhattan-35th Street/Empire State Building,very good,8.5
East 7th Street II,N/A,N/A
Global Luxury Suites at The Eugene,N/A,N/A
Hampton Inn Manhattan-35th Street/Empire State Building,very good,8.5
East 7th Street II,N/A,N/A
Renaissance New York Midtown Hotel,wonderful,9.0
East Village Oasis- E9th,N/A,N/A
Belnord Hotel,good,7.9
Beautiful Loft On the Upper East Side,N/A,N/A
Sutton Court Hotel Residences,N/A,N/A
2nd Avenue Apartment,N/A,N/A
East Side 3 bedroom 2 bathroom (7),good,7.5
Holiday Inn Manhattan Financial District,very good,8.2
Hilton Garden Inn Times Square Central,very good,8.4
Hudson River Hotel,pleasant,6.9
DoubleTree by Hilton - Chelsea,good,7.9
Midtown Luxury High Rise Condo,N/A,N/A
Ultra Luxurious Large One Bedroom Appartment| Midtown,N/A,N/A
East 94 Apartment #232470 Apts,N/A,N/A
WestHouse Hotel New York,very good,8.3
Courtyard by Marriott New York Manhattan/Chelsea,very good,8.4
Canal Loft Hotel,pleasant,6.5
Hampton Inn Times Square Central,excellent,8.8
Places4stay Midtown South Comfort,N/A,N/A
Three-Bedroom Upper EAST,N/A,N/A
Hotel Giraffe by Library Hotel Collection,wonderful,9.4
Peck Slip Apartment,exceptional,9.5
Three-Bedroom Apartment with Two Bathrooms - East 55th Street,good,7.7
Places4stay Times Square Luxury Apartment,N/A,N/A
777 Sixth Avenue,N/A,N/A
2 Bedroom Apartment Hell's Kitchen,good,7.0
Hilton New York Fashion District,very good,8.2
Amazing LOFT in the East Village| close to the park,N/A,N/A
Midtown South One Bedroom Apartments,N/A,N/A
Parker New York,good,7.7
West 17th Apartment 3,N/A,N/A
Kimpton Hotel Eventi,excellent,8.8
Places4stay Central Park Comfort,N/A,N/A
The Jane,very good,8.0
Eurostars Wall Street,good,7.8
Places4stay Times Square Luxury Studio,N/A,N/A
Madison Ave. & 92nd Street Apt 4PH,N/A,N/A
8 Bedroom Midtown Townhouse- Sleeps 16,N/A,N/A
Broadway Suite New York,good,7.6
Roger Smith Hotel,very good,8.5
The Elizabeth,N/A,N/A
Fitzpatrick Manhattan,excellent,8.7
8 Bedroom Midtown Townhouse- Sleeps 16,N/A,N/A
Broadway Suite New York,good,7.6
Roger Smith Hotel,very good,8.5
The Elizabeth,N/A,N/A
Fitzpatrick Manhattan,excellent,8.7
Bloc Away From Central Park Three-Bedroom Apartment with Private Balcony,pleasant,6.5
Comfortable One Bedroom Apartment - Times Square,good,7.3
Beautiful Midtown East 1 Bedroom apartment,N/A,N/A
Best Western Bowery Hanbee Hotel,good,7.9
Amazing 2Bed/2Bath in Prime East Village Manhattan,N/A,N/A
Library Hotel by Library Hotel Collection,wonderful,9.3
Green Holidays Apartments,good,7.3
Hilton Garden Inn Times Square,very good,8.3
The James New York - NoMad,very good,8.2
Studio Apartment - 39th Street,N/A,N/A
Courtyard New York Manhattan/Midtown East,very good,8.3
Cozy Room in New York City,N/A,N/A
Midtown East 1 Cozy Bedroom Apartment,N/A,N/A
The Ideal 3 Bedroom Getaway by Central Park UWS,pleasant,6.8
Fairfield Inn & Suites by Marriott New York Midtown Manhattan/Penn Station,excellent,8.6
Courtyard New York Manhattan/Upper East Side,very good,8.1
Hilton Garden Inn New York Manhattan Midtown East,very good,8.3
DoubleTree by Hilton New York Times Square South,good,7.4
Hotel Five44,good,7.2
The Maxwell,N/A,N/A
Times Square 2 Bedroom Apartment,N/A,N/A
Premium Apartments-Time Square,excellent,8.6
Furnished Quarters at 777 Sixth Avenue,N/A,N/A
New York Marriott Downtown,very good,8.4
Bogart Street,N/A,N/A
Hotel 91,good,7.4
Upper West Side Two-Bedroom,N/A,N/A
Aparthotel Manhattan Residence.20,N/A,N/A
The Paul| an Ascend Hotel Collection Member,good,7.8
The Mansfield Hotel,good,7.3
Renaissance New York Hotel 57,good,7.9
Kimpton Ink48 Hotel,excellent,8.7
Jazz on Columbus Circle Hostel,very good,8.0
NYC Townhouse,N/A,N/A
The Nomad Suites,good,7.4
Executive Class at MTS Hotel,good,7.3
Three-Bedroom Apartment West 25th Street,good,7.1
45th Street Condo #228765,N/A,N/A
Lovely Two Bedroom Apt,pleasant,6.9
The High Line Hotel,very good,8.5
The High Line Hotel,very good,8.5
Aloft Harlem,very good,8.4
Hampton Inn Manhattan-Times Square North,very good,8.2
CITY ROOMS NYC - Soho,very good,8.2
Times Square West Midtown Apartment,good,7.1
Chelsea Inn,good,7.3
Holiday Inn Manhattan 6th Ave - Chelsea,good,7.6
Best Times Square Location Hells Kitchen Midtown West,N/A,N/A
Off SoHo Suites Hotel,very good,8.0
West 17th Street Apartment 2,N/A,N/A
Fantastic 3 Bedrm Apt 135 St,pleasant,6.8
Places4stay United Nations Comfort,N/A,N/A
Greenwich Street Townhouse,N/A,N/A
onefinestay - Tribeca private homes,N/A,N/A
The Carlyle| A Rosewood Hotel,excellent,8.7
The Carlyle| A Rosewood Hotel,excellent,8.7
Central Affordable Three Bedroom Apartment,pleasant,6.8
Hampton Inn Madison Square Garden,excellent,8.6
Casablanca Hotel by Library Hotel Collection,wonderful,9.4
Cozy 1Bed/1Bath Close to Central Park,N/A,N/A
Carlton Arms Hotel,good,7.2
Bridgestreet at Centria,N/A,N/A
Manhattan Studio Apartments,good,7.3
One Bedroom Apartment - Upper East Side,N/A,N/A
Gild Hall - A Thompson Hotel,wonderful,9.0
Manhattan Broadway Hotel,pleasant,6.3
2254 5th Avenue Apartment,N/A,N/A
Embassy Suites By Hilton New York Midtown Manhattan,wonderful,9.2
Full Floor Apt in the Heart of the East Village,N/A,N/A
The Renwick Hotel New York City| Curio Collection by Hilton,excellent,8.6
Sunny Three Bedroom Apartment Lower East Side,good,7.3
6 Columbus - A SIXTY Hotel,good,7.5
Places4stay Times Square Luxury II,N/A,N/A
Places4stay Gramercy Park Comfort II,N/A,N/A
NOVO151,N/A,N/A
Hotel Mulberry,excellent,8.6
Midtown 60th Street Apartment,pleasant,6.7
East Side 3 bed 2 bath (6),good,7.1
Broadway Hotel & Hostel,good,7.2
Hilton Garden Inn New York/Manhattan-Chelsea,very good,8.3
Greenwich Village Apartments,N/A,N/A
Da Vinci Hotel,good,7.6
East Village Properties,good,7.8
Places4stay Little Italy Comfort,N/A,N/A
Hotel Americano,very good,8.2
Places4stay Midtown East Luxury Duplex,N/A,N/A
Artsy 1Bed/1Bath in Prime Lower East Manhattan,N/A,N/A
East Village Lovely Apartment,N/A,N/A
Apartment near Times Square,very good,8.5
W New York,good,7.5
The Smyth,very good,8.5
Centria,N/A,N/A
Apartments at Avenue C,pleasant,6.5
Places4stay Upper West Side Luxury,N/A,N/A
Jenny's Apartments - Upper East Side,wonderful,9.0
Courtyard by Marriott New York Manhattan/Herald Square,very good,8.5
New York One,N/A,N/A
Renovated 3 Bedroom Loft Manhattan #44,very good,8.1
Four Bedroom Apartment - Eldridge St. #38,pleasant,6.9
The Ritz-Carlton New York| Central Park,excellent,8.7
The Ritz-Carlton New York| Central Park,excellent,8.7
Modern Studio Apartment - Midtown East L,N/A,N/A
The Wall Street Inn,excellent,8.6
Lowell Hotel,wonderful,9.1
Beautiful Midtown East 1 Bedroom apartment,N/A,N/A
West Village Penthouse,N/A,N/A
Midtown Times Square Apartment,very good,8.0
Two Bedroom Apartment - Between Park Ave & Lexington Avenue - Midtown East,pleasant,6.6
Studio Plus - One-Bedroom APT,good,7.2
The Greenwich Hotel,wonderful,9.4
Mott Street Apt 3B,N/A,N/A
One Bedroom Apartment in Hell's Kitchen,N/A,N/A
Hotel St. James,good,7.9
The Broome,wonderful,9.2
Midtown West Hotel,pleasant,6.7
Duane Street Hotel Tribeca,excellent,8.7
Courtyard by Marriott New York Manhattan/ Fifth Avenue,good,7.9
Ivy Tower Suites in Times Square,excellent,8.8
The St. Nicolas in Harlem,N/A,N/A
Two Bedroom Apartment - Madison Avenue,good,7.1
Fitzpatrick Grand Central,excellent,8.9
Night Hotel Theater District| Times Square,good,7.9
Charming Studio by Grand Central,N/A,N/A
Lower East Side 3 Bedroom,very good,8.1
Spacious Apartment,N/A,N/A
The Baxter House (sleeps 6),pleasant,6.4
Soul Food (Mont Morris),excellent,8.9
West 46th Street Apt 4C/4RW,N/A,N/A
Modern One Bedroom Apartment - Garment District,N/A,N/A
Hotel Henri New York| A Wyndham Hotel,good,7.6
Hotel Henri New York| A Wyndham Hotel,good,7.6
Broome Street Apartment - Lower East Side #19,good,7.4
Modern Prewar Midtown 2 Bedroom Apt.,N/A,N/A
Mid Town East 28th Street Apartments Next to Times Square,pleasant,6.7
Mayfair New York Times Square,good,7.3
Spacious studio in an elevator doorman building,N/A,N/A
The Sherry Netherland,wonderful,9.4
Beautiful NYC Brownstone,N/A,N/A
Times Square Perfect Home,wonderful,9.2
Uptown Studio,N/A,N/A
NY Away - Central Park UWS 2-Bedroom,pleasant,6.6
Gatsby Hotel| An Ascend Hotel Collection Member,very good,8.0
Apartment Midtown Garden,N/A,N/A
Renaissance New York Times Square Hotel,very good,8.3
Today House Suites,excellent,8.7
Arris Apartment,exceptional,9.6
The Ritz-Carlton New York| Battery Park Hotel,excellent,8.6
Central Park West Hostel,okay,5.9
Comfort Inn Midtown West,good,7.7
Exclusive Studio,good,7.2
Places4stay Greenwich Comfort Rooftop,N/A,N/A
onefinestay - NoHo Private Homes,N/A,N/A
Bryant Park Studio Apartment Times Square South,good,7.9
The Marmara Manhattan,very good,8.5
East 14th Street Apt 5A,N/A,N/A
Apartment Close to Time Square,very good,8.5
NY Away - The ideal Family & Friends 4 Bedrooms / 4 Bathrooms in Manhattan,pleasant,6.7
Hilton Garden Inn New York/Tribeca,very good,8.2
Oakwood 6th Avenue,N/A,N/A
Apartment 2BD/ 2BA E 7th St,N/A,N/A
Oakwood 6th Avenue,N/A,N/A
Apartment 2BD/ 2BA E 7th St,N/A,N/A
The Chatwal| a Luxury Collection Hotel| New York City,excellent,8.9
Studio in Times Square,pleasant,6.1
Places4stay Times Square Luxury,N/A,N/A
Chelsea Cabins,good,7.3
Hampton Inn Manhattan Chelsea,excellent,8.6
Places4stay Upper West Side Comfort,N/A,N/A
Colonial House Inn,very good,8.2
Comfort Inn Times Square West,very good,8.1
Apartment Clayton.3,N/A,N/A
Aparthotel Manhattan Residence.5,N/A,N/A
PermaGO Seaport Studio,very good,8.3
W New York - Union Square,very good,8.2
Large 1 Bedroom Chinatown,exceptional,9.5
Charles Street,N/A,N/A
Heart of Lower Manhattan,N/A,N/A
Places4stay Times Square Comfort Rooftop,N/A,N/A
Luxury 2B/1B UWS GEM,good,7.1
The Gallery House,excellent,8.6
Two Bedroom Apartment - East 34th Street,very good,8.0
45th Street Condo #228767,N/A,N/A
Renovated Midtown East Apartments,pleasant,6.4
East Side 3 Bedroom and 2 Bathroom Apartment (3),good,7.8
Hotel Mimosa,very good,8.2
W New York - Downtown,very good,8.0
Apartment with stunning views near 5th Ave,N/A,N/A
Econo Lodge Times Square,good,7.5
NY Away - Luxury Apartments in the Financial District,pleasant,6.4
Global Luxury Suites at Olympia House,N/A,N/A
Global Luxury Suites at Olympia House,N/A,N/A
Crowne Plaza HY36 Midtown Manhattan,excellent,8.9
Hotel Newton,good,7.7
The Townhouse Inn of Chelsea,excellent,8.8
Apartment Chelsea,N/A,N/A
Luxury One Bedroom Apartment - Garment District,good,7.1
BRAND NEW ULTRA MODERN NOMAD PARK AVENUE(31 AND PARK) 800 FT 2BR 1BA W/D ELEVATOR!,good,7.7
East Street Apartment #232471 Apts,N/A,N/A
Modern Apartment - Greenwich Village With Shared Roofdeck & Terrace,good,7.9
Jazz on the Park Youth Hostel,pleasant,6.7
Americana Inn,good,7.5
Cozy Two Bedrooms near Times Sq - NYC,disappointing,4.8
Apartment Soho Elizabeth 1,N/A,N/A
Lex Hotel NYC,excellent,8.9
One Bedroom Apartment - Mott Street #16,good,7.4
Superior Midtown East Apartments,okay,5.9
Heart of East Village Lots of Light,N/A,N/A
One-Bedroom on E 62nd Street Apt G,N/A,N/A
Jun New York Mid Town III,excellent,8.9
Large One Bedroom in NYC,N/A,N/A
Bridgestreet at the Chrystie,N/A,N/A
Fairfield Inn & Suites New York Manhattan/Downtown East,very good,8.3
Three Bedroom Apartment - West 148th Street,very good,8.1
Riff Hotel Chelsea,pleasant,6.4
Omni Berkshire Place,excellent,8.7
Hello Broadway,pleasant,6.5
Chelsea Art Suites,good,7.1
Prime West Village Vacation Apartment,N/A,N/A
East 7th Street Apt 1F,N/A,N/A
Holiday Inn Express - Wall Street,very good,8.1
West 119th B&B,wonderful,9.2
Wyndham Garden Chinatown,very good,8.0
U.S. Pacific Hotel,pleasant,6.1
Jun New York Mid Town I,N/A,N/A
Hotel 309,pleasant,6.3
Comfort Inn Lower East Side,good,7.9
New York Apartments,pleasant,6.6
Royal Park Hotel & Hostel,pleasant,6.8
3 West Club,very good,8.2
Central Park Apartment,good,7.4
Full Studio Near The Central Park,very good,8.2
Two Bedroom Chelsea/West Village Apartment,N/A,N/A
45th Street Condo #226384,N/A,N/A
Luxurious Three Bedroom Apartment,pleasant,6.9
Morningside Inn,okay,5.6
Yorkville Apartments -Upper East Side,pleasant,6.4
Holiday Inn New York City - Times Square,very good,8.1
Cassa Suites,N/A,N/A
NYC Apartment For Rent,N/A,N/A
Midtown East Next to Times Square,N/A,N/A
Holiday Inn Express Manhattan Midtown West,good,7.8
Central Park Studios,good,7.4
Manhattan Studio Apartment mid-west,very good,8.0
Harlem YMCA,good,7.1
Studio Times Square,N/A,N/A
Recently Renovated 3 Bedroom Apartment Manhattan #45,N/A,N/A
45th Street Condo #228760,N/A,N/A
Charming Loft in Lower East Side,N/A,N/A
Redford Hotel,pleasant,6.9
Two Bedroom Apartment - Midtown East,pleasant,6.4
NY Away - Hells Kitchen/ Times Square 1-Bedroom 12A,pleasant,6.4
Studio Apartment Wall Street,N/A,N/A
Anthem,N/A,N/A
Symphony House,N/A,N/A
3rd Avenue Apartment #232457 Apts,N/A,N/A
Apartment in the Heart of Manhattan,N/A,N/A
414 Hotel,wonderful,9.3
The Ideal 2 Bedroom Getaway by Central Park UWS,pleasant,6.9
Private Room in Time Square,wonderful,9.2
Highline West Village,N/A,N/A
Domenico Vacca Luxury Residences,N/A,N/A
Near the Central Park| in New York,very good,8.1
Brand New 2BR 1BA| W/D| Heart Of Lower East side| 4 min walk to SOHO| MODERN!,N/A,N/A
Luxury Apartment Time Square,N/A,N/A
Apartment Best Location in New York,good,7.5
Great Location Midtown East 35th Street and Third Ave,pleasant,6.9
Incentra Village Hotel,good,7.8
Places4stay Upper West Side Luxury,N/A,N/A
The Tuscany - A St Giles Signature Hotel,excellent,8.7
Gramercy Superior Apartments,pleasant,6.3
East Village: Newly Renovated 2 Bedroom,pleasant,6.7
45th Street Condo #226519,N/A,N/A
45th Street Condo #228762,N/A,N/A
Luxurious Central Park South 2 Bedroom Apartment,N/A,N/A
The Bowery House,pleasant,6.5
Eclectic 2Bedroom Art Studio,N/A,N/A
Holiday Inn Wall Street,good,7.9
Comfortable Two Bedroom Apartment in East Village,N/A,N/A
Apartment Clayton.1,N/A,N/A
Perfect Retreat in Downtown,N/A,N/A
Beautiful Lexington Apartment,N/A,N/A
Three Bedroom Apartment with City View - Lincoln Center,N/A,N/A
Studio Apartments - West 31st Street,pleasant,6.2
CITY ROOMS NYC - Chelsea,very good,8.0
28th Street & Park Avenue Apartments,N/A,N/A
New private studio-apartment,good,7.7
Aparthotel Manhattan Residence.6,N/A,N/A
Park Ave Apartments Midtown Next to Times Square,pleasant,6.5
Nice studio-apartment in Financial District,very good,8.5
Midtown Two Bedroom Apartment - Central Park,pleasant,6.7
The Grand NYC Apartments,fair,5.3
Apartment Clayton.5,N/A,N/A
Stunning Duplex By Upper East Side,N/A,N/A
Murray Hill 2 Cozy Bedroom Apt,N/A,N/A
Manhattan Guest House,good,7.6
